<?xml version="1.0" encoding="UTF-8"?>
<!--
 Copyright (c) 2021 SAP SE or an SAP affiliate company. All rights reserved.
-->
<beans xmlns="http://www.springframework.org/schema/beans"
       xmlns:xsi="http://www.w3.org/2001/XMLSchema-instance"
       xsi:schemaLocation="http://www.springframework.org/schema/beans
           http://www.springframework.org/schema/beans/spring-beans.xsd">


    <bean id="commerceintegrationSystemSetup" class="com.external.integration.setup.CommerceintegrationSystemSetup">
        <!-- constructor arg injection example -->
        <constructor-arg ref="commerceintegrationService"/>
    </bean>

    <bean id="commerceintegrationService" class="com.external.integration.service.impl.DefaultCommerceintegrationService">
        <!-- setter injection example -->
        <property name="modelService" ref="modelService"/>
        <property name="mediaService" ref="mediaService"/>
        <property name="flexibleSearchService" ref="flexibleSearchService"/>
    </bean>

    <bean id="restTemplate" class="org.springframework.web.client.RestTemplate" scope="prototype">
        <constructor-arg>

            <bean class="org.springframework.http.client.HttpComponentsClientHttpRequestFactory">
                <property name="connectTimeout" value="${rest.connection.timeout}" />
                <property name="readTimeout" value="${rest.read.timeout}" />
            </bean>
        </constructor-arg>
    </bean>

    <bean id="commerceRestClient" class="com.external.integration.restclient.CommerceRestClient">
        <property name="restTemplate" ref="restTemplate"/>
        <property name="modelService" ref="modelService"/>
        <property name="userService" ref="userService"/>
        <property name="sessionService" ref="sessionService"/>
        <property name="taskExecutor">
            <bean class="org.springframework.scheduling.concurrent.ThreadPoolTaskExecutor">
                <property name="corePoolSize" value="${commercerestapi.pool.coreSize}" />
                <property name="maxPoolSize" value="${commercerestapi.pool.maxSize}" />
                <property name="queueCapacity" value="${commercerestapi.pool.queueCapacity}" />
                <property name="threadFactory" ref="csrThreadFactory" />
            </bean>
        </property>
    </bean>


    <bean id="abstractCommerceIntegrationService" class="com.external.integration.service.impl.AbstractCommerceIntegrationService" abstract="true" >
        <property name="commerceRestClient" ref="commerceRestClient"/>
        <property name="configurationService" ref="configurationService"/>
        <property name="baseStoreService" ref="baseStoreService"/>
        <property name="commonI18NService" ref="commonI18NService"/>
        <property name="modelService" ref="modelService"/>
    </bean>


</beans>