<?xml version="1.0" encoding="ISO-8859-1"?>
<!--
 Copyright (c) 2021 SAP SE or an SAP affiliate company. All rights reserved.
-->

<items 	xmlns:xsi="http://www.w3.org/2001/XMLSchema-instance" 
			xsi:noNamespaceSchemaLocation="items.xsd">

	<enumtypes>
		<enumtype code="AuditLoggingTypeEnum">
			<value code="DEFAULT"/>
		</enumtype>
	</enumtypes>

	<itemtypes>
		<typegroup name="Audit">
			<itemtype code="AuditLogging" extends="GenericItem">
				<deployment table="auditlogging" typecode="20002"/>
				<attributes>
					<attribute type="java.lang.String" qualifier="responseCode">
						<description>Response Code Received From the Service</description>
						<modifiers read="true" write="true" search="true" optional="true" />
						<persistence type="property" />
					</attribute>
					<attribute type="AuditLoggingTypeEnum" qualifier="type">
						<defaultvalue>em().getEnumerationValue("AuditLoggingTypeEnum", "DEFAULT")</defaultvalue>
						<description>Type of audit logging</description>
						<modifiers read="true" write="true" search="true" optional="false" />
						<persistence type="property" />
					</attribute>
					<attribute type="java.lang.String" qualifier="message">
						<description>message/exception occurred</description>
						<modifiers read="true" write="true" search="true" optional="true" />
						<persistence type="property" />
					</attribute>
					<attribute type="java.lang.String" qualifier="stackTrace">
						<description>Full exception stacktrace</description>
						<modifiers read="true" write="true" search="true" optional="true" />
						<persistence type="property">
							<columntype database="oracle">
								<value>CLOB</value>
							</columntype>
							<columntype database="sap">
								<value>NCLOB</value>
							</columntype>
							<columntype>
								<value>HYBRIS.LONG_STRING</value>
							</columntype>
						</persistence>
					</attribute>
					<attribute type="java.lang.String" qualifier="userId">
						<description>session user's id</description>
						<modifiers read="true" write="true" search="true" optional="true" />
						<persistence type="property" />
					</attribute>
					<attribute type="java.lang.String" qualifier="userPk">
						<description>session user's PK</description>
						<modifiers read="true" write="true" search="true" optional="true" />
						<persistence type="property" />
					</attribute>
					<attribute type="java.lang.String" qualifier="sessionId">
						<description>user's session id</description>
						<modifiers read="true" write="true" search="true" optional="true" />
						<persistence type="property" />
					</attribute>
					<attribute qualifier="endPointUrl" type="java.lang.String">
						<persistence type="property" />
						<modifiers read="true" write="true" search="true" optional="true" unique="false"/>
					</attribute>
					<attribute qualifier="requestLog" type="java.lang.String">
						<persistence type="property">
							<columntype database="oracle">
								<value>CLOB</value>
							</columntype>
							<columntype database="sap">
								<value>NCLOB</value>
							</columntype>
							<columntype>
								<value>HYBRIS.LONG_STRING</value>
							</columntype>
						</persistence>
						<modifiers read="true" write="true" search="true" optional="true" />
					</attribute>
					<attribute qualifier="responseLog" type="java.lang.String" >
						<persistence type="property">
							<columntype database="oracle">
								<value>CLOB</value>
							</columntype>
							<columntype database="sap">
								<value>NCLOB</value>
							</columntype>
							<columntype>
								<value>HYBRIS.LONG_STRING</value>
							</columntype>
						</persistence>
						<modifiers read="true" write="true" search="true" optional="true" />
					</attribute>
					<attribute qualifier="requestName" type="java.lang.String">
						<persistence type="property" />
						<modifiers read="true" write="true" search="true" optional="true" unique="false"/>
					</attribute>
					<attribute qualifier="attemptNumber" type="java.lang.Integer">
						<modifiers read="true" write="true" optional="false" search="true"/>
						<persistence type="property" />
						<description>This gives the actual number of the attempt made to the request</description>
						<defaultvalue>Integer.valueOf(1)</defaultvalue>
					</attribute>
					<attribute type="java.lang.String" qualifier="processActionType">
						<description>Action in bussiness process which caused consignment creation failure</description>
						<modifiers read="true" write="true" search="true" optional="true" />
						<persistence type="property" />
					</attribute>
					<attribute type="java.lang.String" qualifier="processStep">
						<description>The Step which caused consignment creation failure</description>
						<modifiers read="true" write="true" search="true" optional="true" />
						<persistence type="property" />
					</attribute>
					<attribute type="java.util.Date" qualifier="requestTime">
						<description>This is the exact time where the request was called</description>
						<modifiers read="true" write="true" search="true" optional="true" />
						<persistence type="property" />
					</attribute>
				</attributes>
				<indexes>
					<index name="processActionTypeIdx">
						<key attribute="processActionType" />
					</index>
				</indexes>

			</itemtype>
		</typegroup>
	</itemtypes>
</items>