<!--
 Copyright (c) 2021 SAP SE or an SAP affiliate company. All rights reserved.
-->
<project xmlns="http://maven.apache.org/POM/4.0.0" xmlns:xsi="http://www.w3.org/2001/XMLSchema-instance"
	xsi:schemaLocation="http://maven.apache.org/POM/4.0.0 http://maven.apache.org/xsd/maven-4.0.0.xsd">
	<modelVersion>4.0.0</modelVersion>
	<groupId>de.hybris.platform</groupId>
	<artifactId>commerceintegration</artifactId>
	<version>2105.2</version>

	<packaging>jar</packaging>

	<dependencies>
		<!-- https://mvnrepository.com/artifact/org.springframework.boot/spring-boot-starter-webflux -->
		<dependency>
			<groupId>org.springframework.boot</groupId>
			<artifactId>spring-boot-starter-webflux</artifactId>
			<version>2.7.0</version>
		</dependency>
		<!-- https://mvnrepository.com/artifact/org.springframework/spring-webflux -->
		<dependency>
			<groupId>org.springframework</groupId>
			<artifactId>spring-webflux</artifactId>
			<version>5.3.20</version>
		</dependency>

		<!-- https://mvnrepository.com/artifact/org.apache.httpcomponents/httpclient -->
		<dependency>
			<groupId>org.apache.httpcomponents</groupId>
			<artifactId>httpclient</artifactId>
			<version>4.5.13</version>
		</dependency>
		<!-- https://mvnrepository.com/artifact/org.apache.httpcomponents/httpcore -->
		<dependency>
			<groupId>org.apache.httpcomponents</groupId>
			<artifactId>httpcore</artifactId>
			<version>4.4.15</version>
		</dependency>

	</dependencies>
</project>
